Id,Label,I1,I2,I3,I4,I5,I6,I7,I8,I9,I10,I11,I12,I13,C1,C2,C3,C4,C5,C6,C7,C8,C9,C10,C11,C12,C13,C14,C15,C16,C17,C18,C19,C20,C21,C22,C23,C24,C25,C26
10000083,0,,0,91,4,293,220,35,4,66,,5,1,4,05db9164,58e67aaf,1100da42,5024ec42,4cf72387,7e0ccccf,964d1fdd,37e4aa92,a73ee510,f007059b,59cd5ae7,a9d84aa8,8b216f7b,1adce6ef,d002b6d9,3b35c4c2,27c07bd6,c21c3e4c,21ddcdc9,a458ea53,e9ab8737,,423fab69,2c720b71,9b3e8820,47d6d9aa
10000088,0,1,23,1,14,56,15,10,35,161,1,2,,15,be589b51,38a947a1,,,25c83c98,,ba0ca6c5,0b153874,a73ee510,56ae5fb0,7ca01a9d,,97d749c9,07d13a8f,bbe9d023,,e5ba7672,f9c50fb1,,,,,32c7478e,,,
10000100,1,,-1,,,5760,42,218,0,287,,15,0,,5a9ed9b0,3f0d3f28,,,25c83c98,7e0ccccf,218a739b,0b153874,a73ee510,e157f846,b83708c2,,272d6290,1adce6ef,14108df6,,8efede7f,88416823,,,,ad3062eb,423fab69,,,
10000296,0,0,1,33,6,3706,28,2,7,28,0,1,,6,9a89b36c,1cfdf714,ef7b7b15,798823de,25c83c98,fbad5c96,eba9a360,51d76abe,a73ee510,e3629c5f,f52829dc,cf29244b,64f8e14f,d2dfe871,1e27c4c8,96c1be5d,07c540c4,6a74e011,34a10404,a458ea53,cacb3a8d,ad3062eb,3a171ecb,7939255b,cb079c2d,bc33111f
10000485,1,1,12,10,5,25,5,45,7,1553,1,17,1,5,5a9ed9b0,b0d4a6f6,73006735,97ceb02f,25c83c98,fbad5c96,407438c8,0b153874,a73ee510,b320e88d,755e4a50,c883f656,5978055e,32813e21,19f03519,636ac9fa,8efede7f,1e3d9f94,,,a5f11cda,,3a171ecb,732eaaee,,
10000494,0,,1,14,31,11761,196,75,46,273,,6,0,31,05db9164,f3f84ffb,d032c263,c18be181,cadb6f23,fbad5c96,e7351254,0b153874,a73ee510,99afd380,9a660f03,dfbb09fb,3dffcbec,07d13a8f,dddb8950,84898b2a,8efede7f,0e128609,,,0014c32a,,423fab69,3b183c5c,,
10000552,0,,2,15,11,42192,,0,15,12,,0,,12,68fd1e64,a796837e,dffca8ba,0fa0d423,25c83c98,7e0ccccf,a6a575e6,0b153874,a73ee510,25103694,4829f487,93bab460,2180053c,cfef1c29,f0bf9094,6bb29970,e5ba7672,1cdbd1c5,,,d9d9202f,ad3062eb,32c7478e,8fc66e78,,
10000619,0,0,0,10,27,12284,181,2,37,144,0,2,,27,68fd1e64,0a519c5c,77f2f2e5,d16679b9,25c83c98,fbad5c96,fe4e75fa,5b392875,a73ee510,6aea41c7,8f4f8f83,9f32b866,8828a59c,b28479f6,b760dcb7,31ca40b6,07c540c4,2efa89c6,,,dfcfc3fa,,93bad2c0,aee52b6f,,
10000747,0,1,-1,,,597,9,12,14,63,1,2,,,ae82ea21,403ea497,2cbec47f,3e2bfbda,30903e74,,394bde93,0b153874,a73ee510,07f20983,3f3009e8,21a23bfe,79f7177d,07d13a8f,e3209fc2,587267a3,e5ba7672,a78bd508,21ddcdc9,5840adea,c2a93b37,,32c7478e,1793a828,e8b83407,2fede552
10000769,0,1,1,2,1,5,1,1,1,1,1,1,,1,05db9164,ea3a5818,828ef18f,ba229df2,384874ce,7e0ccccf,969e0f2f,0b153874,a73ee510,fa7d0797,9163f8f1,eac9feed,b5b29c1f,1adce6ef,7e7dc5e4,98a54621,d4bb7bd8,a1d0cc4f,c68db44a,a458ea53,3b1ae854,,32c7478e,57e2c6c9,1575c75f,7132fed8
10000844,1,0,597,8,7,7,289,1,21,515,0,1,,0,05db9164,08d6d899,9143c832,f56b7dd5,25c83c98,7e0ccccf,c6ad90de,5b392875,a73ee510,b78f3a55,371dae82,ae1bb660,18fc2b1e,b28479f6,bfef54b3,bad5ee18,e5ba7672,87c6f83c,,,0429f84b,,dbb486d7,c0d61a5c,,
10000888,0,0,0,,1,4448,1833,5,48,148,0,1,,1,5a9ed9b0,d833535f,ad4b77ff,d16679b9,25c83c98,7e0ccccf,ca280131,0b153874,a73ee510,3b08e48b,868a9e47,a2f4e8b5,fc5dea81,1adce6ef,2ee9f086,89052618,e5ba7672,7b49e3d2,,,d4703ebd,,423fab69,aee52b6f,,
10000950,0,,0,1,1,,,0,2,30,,0,,1,05db9164,38a947a1,cebe3da8,3bee9ada,384874ce,fbad5c96,970f01b2,0b153874,7cc72ec2,3b08e48b,36bccca0,d0624fed,80467802,64c94865,2735b5ff,c8ebd6d1,2005abd1,8abf93c8,,,e52eec5c,,55dd3565,22b2abe6,,
10000956,0,,0,,0,2885,,0,49,85,,0,,24,68fd1e64,3df44d94,ab8d144a,58ed2ff8,4cf72387,7e0ccccf,7bd17596,1f89b562,a73ee510,3b08e48b,90e43499,915df586,ac6687f6,07d13a8f,4dd467c3,fa164cc9,776ce399,a0f3a3dc,,,c4ae6950,,93bad2c0,a7e54c7b,,
10001075,0,1,0,6,2,1262,18,2,10,10,0,1,,2,05db9164,e5fb1af3,5b69ee06,d6de6491,25c83c98,fe6b92e5,34ee90db,0b153874,a73ee510,d2e3dec0,d74aabe6,a0933b22,0fb78b80,1adce6ef,60403b20,3e5c1145,07c540c4,13145934,23a4bfcf,b1252a9d,4bd7cc79,,3a171ecb,74d7f2da,e8b83407,1f4b2057
10001270,0,0,0,9,5,7230,216,1,5,5,0,1,,5,05db9164,028bd518,ad4b77ff,d16679b9,25c83c98,7e0ccccf,8324f342,0b153874,a73ee510,bc5704d7,10465598,a2f4e8b5,f8362c26,b28479f6,9559bea6,89052618,d4bb7bd8,2a40f0da,,,d4703ebd,,dbb486d7,aee52b6f,,
10001561,0,4,360,35,16,326,40,7,36,114,1,3,0,31,5a9ed9b0,421b43cd,b8e6a34a,29998ed1,25c83c98,fe6b92e5,38eb9cf4,0b153874,a73ee510,441dd290,7f8ffe57,6aaba33c,46f42a63,b28479f6,2d0bb053,b041b04a,e5ba7672,2804effd,,,723b4dfd,,32c7478e,b34f3128,,
10001715,0,0,34,,2,3458,39,6,31,47,0,1,0,6,be589b51,8947f767,f706e4d3,bf4c29d3,25c83c98,7e0ccccf,6d490d7a,0b153874,a73ee510,0042ccac,77212bd7,cabeb015,7203f04e,07d13a8f,2c14c412,09ee9836,e5ba7672,bd17c3da,9437f62f,a458ea53,4719ade0,,c7dc6720,bfdeea11,f5b6afe5,510f7a1e
10002071,0,,-1,,,30316,20,0,0,8,,0,0,,05db9164,80e26c9b,47d2b0a5,f2e08e7d,25c83c98,7e0ccccf,f88a41dc,0b153874,a73ee510,8cb7066b,431f1b36,6074c21f,c5403e45,07d13a8f,f3635baf,de319688,e5ba7672,f54016b9,21ddcdc9,b1252a9d,f22a431d,,3a171ecb,1793a828,e8b83407,51751315
10002180,0,0,45,,4,7548,255,6,11,589,0,4,,5,39af2607,0a519c5c,b00d1501,d16679b9,25c83c98,7e0ccccf,b471ac4f,1f89b562,a73ee510,4e56c58e,62aedd5c,e0d76380,e65a5fc3,b28479f6,b760dcb7,1203a270,e5ba7672,2efa89c6,,,73d06dde,,3a171ecb,aee52b6f,,
10002355,0,0,306,,3,7493,195,2,3,52,0,1,0,3,05db9164,4bb4b657,2025a6db,04ea5408,b0530c50,7e0ccccf,aca4799e,0b153874,a73ee510,3b08e48b,c05bd0b8,d5d86dcf,e411c4db,f862f261,6d5a967b,cb120e85,07c540c4,4623da58,,,5dcc9e3d,,be7c41b4,cee0fca8,,
10002527,0,,2,30,,4428,,0,0,25,,0,,,05db9164,c66fca21,704fe5b6,f4eea829,f3474129,,78c469af,1f89b562,a73ee510,1853a68d,7905be9a,b3e118e3,546a84fe,07d13a8f,e25cc91e,687aedf2,1e88c74f,1304f63b,21ddcdc9,a458ea53,75f133b6,,32c7478e,f54aa12a,010f6491,f945c71c
10002694,0,,14,11,7,1440,,0,15,15,,0,,7,05db9164,38a947a1,dd17c91c,82a61820,4cf72387,7e0ccccf,3b870555,64523cfa,a73ee510,3b08e48b,39ec7a77,75529ad8,66bf004c,07d13a8f,3bcc995c,5eea53aa,776ce399,e96a7df2,,,0f78ab39,,be7c41b4,cafb4e4d,,
10002835,0,1,8,8,2,643,28,1,21,21,1,1,,21,05db9164,af447d7a,05e89637,06b1cf6e,25c83c98,fbad5c96,d2dbdfe6,062b5529,a73ee510,316007da,7e40f08a,8fbe0072,1aa94af3,b28479f6,f0d27586,25b075e4,d4bb7bd8,98ff11f4,,,af1869be,c9d4222a,3a171ecb,0ff91809,,
10003023,0,1,3,,4,550,48,1,49,44,1,1,,44,68fd1e64,aa6dadc6,d032c263,c18be181,4cf72387,fbad5c96,3e6ff6cf,0b153874,a73ee510,a1680317,d70e2491,dfbb09fb,2b9f0754,07d13a8f,88cdcba1,84898b2a,d4bb7bd8,05719980,,,0014c32a,,32c7478e,3b183c5c,,
10003167,0,,2,,,4284,,,6,,,,,,05db9164,d833535f,b00d1501,d16679b9,25c83c98,7e0ccccf,88afd773,0b153874,a73ee510,3b08e48b,c6cb726f,e0d76380,176d07bc,1adce6ef,2ee9f086,1203a270,776ce399,7b49e3d2,,,73d06dde,,be7c41b4,aee52b6f,,
10003212,0,,0,1,1,17360,163,4,1,66,,1,,1,5a9ed9b0,8dbd550a,b4099459,e5d4c5ff,25c83c98,fbad5c96,e9a16859,0b153874,a73ee510,3b08e48b,caecb243,1731bf43,85fd1cb8,07d13a8f,d30dcf14,f327e411,e5ba7672,7cf65c5f,,,ae90cc8b,ad3062eb,32c7478e,6c1cdd05,,
10003240,0,,-1,174,18,11554,,0,16,2,,0,,18,5a9ed9b0,c1384774,99ebb8bd,5a37ff92,384874ce,3bf701e7,b593ebe0,a8d6f709,a73ee510,b16dffb7,76030d37,5b41b68e,b8065f15,1adce6ef,4929aa91,8723f52e,3486227d,8e8b535e,21ddcdc9,5840adea,a933f626,c9d4222a,32c7478e,7fdaccb2,ea9a246c,c823ef28
10003401,0,,-1,,0,0,6,8,0,1,,1,,0,05db9164,f3b07830,44b29606,bb9802c1,4cf72387,,07d03e2a,c8ddd494,a73ee510,3dd5f464,7f8ffe57,6bee5e37,46f42a63,07d13a8f,c4d7f010,87529e1f,27c07bd6,048d01f4,,,69eaef8d,,32c7478e,c657e6e5,,
10003421,0,,147,4,1,16323,4,8,1,1,,3,,1,68fd1e64,38a947a1,0b5decef,5376200b,25c83c98,fbad5c96,f90c5000,0b153874,a73ee510,ac82a793,2f9bcbbf,b38b92bb,82f36f18,b28479f6,dbc39b83,c3c293ad,e5ba7672,6305316f,,,70bd24d9,,3a171ecb,71b8baa3,,
10003437,0,,30,,,15272,574,15,0,611,,2,,,ae82ea21,2c2fd77c,d032c263,c18be181,25c83c98,7e0ccccf,84c427f0,0b153874,a73ee510,00f2b452,41b3f655,dfbb09fb,ce5114a2,07d13a8f,1a6b624e,84898b2a,e5ba7672,09186e1c,,,0014c32a,,32c7478e,3b183c5c,,
10003513,0,1,-1,,,439,4,16,22,49,1,4,,,05db9164,04e09220,cebee428,60bac0fd,25c83c98,fe6b92e5,c685df7b,0b153874,a73ee510,5769e63a,bc786d15,fa6b2a51,e7c6a03d,b28479f6,69f825dd,2f4fe648,e5ba7672,6fc84bfb,,,614c649f,ad3062eb,423fab69,ded4aac9,,
10003716,0,0,26,2,3,3314,120,1,19,52,0,1,0,3,05db9164,4c2bc594,d032c263,c18be181,25c83c98,fbad5c96,33cca6fa,0b153874,a73ee510,401ced54,cb70bc55,dfbb09fb,2b9fb512,8ceecbc8,7ac43a46,84898b2a,d4bb7bd8,bc48b783,,,0014c32a,,55dd3565,3b183c5c,,
10003755,0,0,2,39,9,5899,161,14,30,127,0,4,0,9,f473b8dc,09e68b86,b60307b9,4927be1d,25c83c98,7e0ccccf,968a6688,c8ddd494,a73ee510,7259dc52,f25fe7e9,c63a61a2,dd183b4c,07d13a8f,36721ddc,bdb75aec,e5ba7672,5aed7436,55dd3565,a458ea53,cc2606df,,32c7478e,2bb23a3a,e8b83407,22a3ad95
10003959,0,,15,3,4,80,,0,32,48,,0,,4,05db9164,38d50e09,c86b2d8d,657dc3b9,30903e74,6f6d9be8,dd363e61,0b153874,a73ee510,3b08e48b,4eddcd83,1ca7a526,f9074aef,b28479f6,06373944,ba46c3a1,1e88c74f,fffe2a63,21ddcdc9,b1252a9d,eb0fc6f8,,32c7478e,df487a73,001f3601,c27f155b
10004236,0,,501,1,,6189,57,2,1,31,,1,,,5a9ed9b0,09e68b86,776359df,3297bcba,25c83c98,,8acb4c3d,0b153874,a73ee510,3d18c5c4,3f3009e8,37b3ceb5,79f7177d,07d13a8f,36721ddc,164c7ec2,07c540c4,5aed7436,071c1933,a458ea53,84718117,,32c7478e,3fdb382b,e8b83407,49d68486
10004241,0,1,3,4,4,7,4,12,21,259,1,5,,4,68fd1e64,38a947a1,615cb3c8,2945ec5d,25c83c98,7e0ccccf,849ec99d,0b153874,a73ee510,5cd48b96,0601c4d9,38588c6b,c4bf1f3a,b28479f6,1db94996,ddf2b9b0,e5ba7672,e8623312,,,6ab09ef5,ad3062eb,32c7478e,b889075b,,
10005005,0,,134,,13,40357,423,0,2,370,,0,,32,05db9164,38a947a1,7ffe9425,6a14f9b9,4cf72387,fbad5c96,93b19353,0b153874,7cc72ec2,3b08e48b,d2b7c44b,fdfd7c8a,68637c0d,07d13a8f,b4f76d13,f8b34416,e5ba7672,c9ac134a,,,f3ddd519,,32c7478e,b34f3128,,
10005090,0,0,73,29,,10278,265,1,0,61,0,1,,,05db9164,207b2d81,6e5bddab,d3e92866,25c83c98,7e0ccccf,0c41b6a1,5b392875,a73ee510,d89cd443,4ba74619,bf413137,879fa878,07d13a8f,0bf0feff,af6fc4b8,e5ba7672,fa0643ee,21ddcdc9,5840adea,a3405885,,423fab69,b0fb6a50,001f3601,61556511
10005091,1,1,2,3,4,306,8,1,4,4,1,1,,4,05db9164,fc67db1d,901d599d,5e75ddc9,25c83c98,13718bbd,c62d54af,37e4aa92,a73ee510,37843f80,d0069af4,3eecd852,e920b070,64c94865,53175e74,0e30f295,d4bb7bd8,e24773fa,,,372aef99,,3a171ecb,481a8d1e,,
10005450,1,0,0,1,1,12830,531,1,1,78,0,1,,1,5a9ed9b0,bf58e3e3,ca6213c9,1d97d7a2,25c83c98,fbad5c96,ead731f4,0b153874,a73ee510,3b08e48b,e9c32980,18e40a04,3fe840eb,cf1fc48d,f81cb17b,2d3fb4ba,d4bb7bd8,427f76d8,,,4c7ffd03,,3a171ecb,b3540901,,
10005508,0,,3,4,4,,,0,5,4,,0,,4,05db9164,08d6d899,9143c832,f56b7dd5,4cf72387,fbad5c96,4a9d0dab,0b153874,7cc72ec2,3b08e48b,a3fd26e0,ae1bb660,b0c30eeb,07d13a8f,41f10449,bad5ee18,2005abd1,698d1c68,,,0429f84b,c9d4222a,be7c41b4,c0d61a5c,,
10005522,0,,180,,,38129,,0,0,1,,0,,,a86f8721,270cc1b8,76d09970,f922efad,25c83c98,7e0ccccf,21a73844,0b153874,a73ee510,9ee0ad9c,45922c00,015df17f,5029598e,b28479f6,2eef01bc,e2e2fcd9,d4bb7bd8,86b4c7aa,,,30bb890d,,be7c41b4,b34f3128,,
10005672,0,,-1,,,50541,71,0,0,9,,0,,,66651cdf,68aede49,b797dd52,847fce2d,25c83c98,fbad5c96,e1aea7af,1f89b562,7cc72ec2,3b08e48b,e07776f0,e8c27b27,49fe3d4e,b28479f6,5c595008,350e5256,d4bb7bd8,262c8681,,,67ff16b8,,be7c41b4,03aefe56,,
10005931,0,,-1,,,33261,26,17,0,22,,0,,,5a9ed9b0,4950f9dd,9a5df585,a3048ee7,25c83c98,fe6b92e5,fd8ca9eb,5b392875,7cc72ec2,b3e2173c,0ad37b4b,fd6e6bcb,f9d99d81,07d13a8f,dd42a670,b1054099,e5ba7672,45e764d2,21ddcdc9,5840adea,2de2ff11,,85d5a995,3b425be9,445bbe3b,2fede552
10006010,0,2,0,19,9,1428,13,5,13,36,0,2,,13,5a9ed9b0,09e68b86,5f62f8a6,76f236d6,25c83c98,,f33e4fa1,0b153874,a73ee510,e5330e23,7b5deffb,5afdbf8a,269889be,1adce6ef,dbc5e126,ada4d333,e5ba7672,5aed7436,3a1e0f5a,a458ea53,e4f76e48,,32c7478e,b6616a66,e8b83407,0278ad53
10006065,0,,-1,,,,,,0,,,,,,05db9164,38a947a1,bc2aea05,ac975db6,25c83c98,7e0ccccf,d0bdaa98,0b153874,7cc72ec2,3b08e48b,dd6fc8cb,b67ac327,ebd756bd,07d13a8f,22223d6c,d388d33c,2005abd1,97b81540,,,0ac4575d,,32c7478e,d28d80ac,,
10006377,0,,17,289,8,1488,,0,49,53,,0,,46,05db9164,09e68b86,0ac5c1a6,fe72cef1,25c83c98,7e0ccccf,2047fed7,0b153874,a73ee510,bd9d9a9d,8f68a279,ae70dc88,7eb73375,1adce6ef,dbc5e126,dd72f8c1,e5ba7672,5aed7436,dcb7a0e1,a458ea53,f8e4bc88,,32c7478e,1793a828,e8b83407,8c53c771
10006387,0,,119,4,8,6475,64,7,14,242,,6,,8,ae82ea21,207b2d81,e48e5552,9ddc492e,25c83c98,7e0ccccf,0c41b6a1,0b153874,a73ee510,3c831532,4ba74619,e5e1ca92,879fa878,07d13a8f,0c67c4ca,29fd6b7b,e5ba7672,395856b0,21ddcdc9,b1252a9d,e5191f27,,423fab69,c23c2e19,001f3601,42956c28
10006630,0,0,-1,,,1461,77,5,27,321,0,2,0,,5a9ed9b0,4c2bc594,d032c263,c18be181,25c83c98,fe6b92e5,4b219154,062b5529,a73ee510,8a176218,f25fe7e9,dfbb09fb,dd183b4c,8ceecbc8,7ac43a46,84898b2a,8efede7f,bc48b783,,,0014c32a,,55dd3565,3b183c5c,,
10006690,0,,216,,,16380,668,1,17,138,,1,,,68fd1e64,d833535f,99ab3e96,499ac831,25c83c98,7e0ccccf,38eb9cf4,0b153874,a73ee510,d2182a9f,7f8ffe57,995e4a74,46f42a63,b28479f6,a733d362,071a7236,d4bb7bd8,281769c2,,,147cf6df,,32c7478e,aee52b6f,,
10006769,0,,-1,8,6,16045,308,3,6,63,,1,,6,68fd1e64,e77e5e6e,8fbac208,27738729,f281d2a7,fbad5c96,15ce37bc,5b392875,a73ee510,e0fbffd2,ff78732c,4385c47d,9b656adc,07d13a8f,2eb18840,0c086df7,e5ba7672,449d6705,21ddcdc9,a458ea53,563af4bc,,c7dc6720,6b1090cd,e8b83407,294b0c0a
10006846,0,,66,65,2,12054,201,1,2,63,,1,,2,05db9164,58e67aaf,79c84135,8599e2a2,25c83c98,7e0ccccf,a870a74a,5b392875,a73ee510,c24d63d9,17586bd8,4f230359,4c9ff09f,1adce6ef,d002b6d9,7b31c46c,07c540c4,c21c3e4c,55dd3565,a458ea53,08254b44,,423fab69,3fdb382b,9b3e8820,49d68486
10006881,0,,1,,,11374,,0,2,63,,0,,,05db9164,38a947a1,223b0e16,ca55061c,25c83c98,7e0ccccf,89391314,5b392875,a73ee510,85f10390,608452cc,156f99ef,cbb8fa8b,b28479f6,42e41d92,5fbf4a84,e5ba7672,1999bae9,,,deb9605d,,32c7478e,e448275f,,
10006953,0,0,0,3,14,1956,139,6,47,306,0,4,8,21,f473b8dc,0a519c5c,b00d1501,d16679b9,25c83c98,7e0ccccf,b2a55fc8,0b153874,a73ee510,374bc53b,2b9f131d,e0d76380,aca10c14,b28479f6,7f6af6b0,1203a270,8efede7f,eea3ab97,,,73d06dde,,32c7478e,aee52b6f,,
10006959,0,,1,,9,4593,28,2,8,19,,1,,11,05db9164,0c0567c2,241f408a,e5cbc185,25c83c98,7e0ccccf,6fb62f1a,0b153874,a73ee510,efea433b,e51ddf94,7587f6d2,3516f6e6,b28479f6,1e82594c,9be443fa,07c540c4,98c4d3e0,,,c1672cac,,32c7478e,7fb4ff91,,
10006984,0,1,3,2,33,25,33,2,37,33,1,2,1,33,68fd1e64,d833535f,b00d1501,d16679b9,25c83c98,7e0ccccf,e02d15e5,0b153874,a73ee510,3b08e48b,f2a195a2,e0d76380,519f294e,b28479f6,a733d362,1203a270,3486227d,281769c2,,,73d06dde,,32c7478e,aee52b6f,,
10006990,0,1,1,56,31,292,95,5,27,98,1,3,,47,5a9ed9b0,09e68b86,aa8c1539,85dd697c,25c83c98,7e0ccccf,1468c1c9,0b153874,a73ee510,6f11431d,2aa56c5c,d8c29807,61ddcfc1,1adce6ef,dcd06253,c64d548f,e5ba7672,63cdbb21,cf99e5de,a458ea53,5f957280,,3a171ecb,1793a828,e8b83407,b7d9c3bc
10007352,0,,0,4,14,4665,38,2,15,38,,1,,14,05db9164,f0cf0024,6f67f7e5,41274cd7,25c83c98,fe6b92e5,2a266054,a674580f,a73ee510,6123dced,1736789a,623049e6,1a347339,1adce6ef,55dc357b,c92f3b61,07c540c4,b04e4670,21ddcdc9,5840adea,60f6221e,ad3062eb,3a171ecb,43f13e8b,ea9a246c,731c3655
10007370,1,,3,72,,2,,0,3,4,,0,,,05db9164,08d6d899,9143c832,f56b7dd5,43b19349,fbad5c96,ca025a55,0b153874,a73ee510,3b08e48b,9002e6b7,ae1bb660,202a3015,b28479f6,bffbd637,bad5ee18,776ce399,bbf70d82,,,0429f84b,,423fab69,c0d61a5c,,
10007375,0,,0,5,2,1899,40,7,5,67,,4,,2,05db9164,78ccd99e,d1ea2cf8,f0e84e17,25c83c98,7e0ccccf,22fd2464,51d76abe,a73ee510,1888c13a,d9085127,1aa67464,ef7e2c01,051219e6,9917ad07,674d3043,e5ba7672,e7e991cb,4b46b36d,a458ea53,4efa7a33,,32c7478e,7583d21e,ea9a246c,6733ada0
10007408,1,,0,,13,26582,,0,21,2,,0,,27,68fd1e64,5dac953d,d032c263,c18be181,4cf72387,fbad5c96,f00bddf8,0b153874,a73ee510,16a81a6c,55795b33,dfbb09fb,39795005,1adce6ef,3a6fbb6d,84898b2a,e5ba7672,06c23e12,,,0014c32a,,32c7478e,3b183c5c,,
10007591,1,1,23,5,7,165,20,42,18,302,1,14,,17,05db9164,cc8e236e,1c239854,cf3dc9c2,25c83c98,,b892a709,5b392875,a73ee510,711ec2bc,5f2b6964,98d78b2b,7a36be10,07d13a8f,3a8c68b7,da1333b6,e5ba7672,775e80fe,21ddcdc9,5840adea,3ee29a07,,32c7478e,c83e0347,ea9a246c,2fede552
10007599,0,,22,14,9,8483,95,1,5,11,,1,,9,05db9164,38a947a1,627971e6,ddeef97c,25c83c98,7e0ccccf,00f44282,0b153874,a73ee510,3b08e48b,5d1b7285,96fba716,cb2e33ed,b28479f6,1db94996,40517a39,d4bb7bd8,e8623312,,,004cc34d,c9d4222a,be7c41b4,b889075b,,
10007623,0,,1,26,14,16826,,,17,,,,0,15,05db9164,09e68b86,d2b06683,3d512bfd,25c83c98,,28cd7a0b,0b153874,a73ee510,3b08e48b,7158b034,ba83ad80,67414029,07d13a8f,36721ddc,eb3ca94c,3486227d,5aed7436,55dd3565,a458ea53,0223e54a,,32c7478e,3fdb382b,e8b83407,eb9a9610
10007634,0,2,306,34,0,108,11,2,40,74,2,2,0,5,05db9164,064c8f31,70168f62,585ab217,25c83c98,fe6b92e5,ff6b8352,e02416f4,a73ee510,d3787b55,15eced00,eb83af8a,bd251a95,07d13a8f,81d3f724,69f67894,e5ba7672,d4a314a2,21ddcdc9,5840adea,e1627e2c,,32c7478e,a6e7d8d3,001f3601,2fede552
10007993,0,,56,55,5,21834,534,5,5,687,,3,0,5,05db9164,421b43cd,e35b5c81,29998ed1,4cf72387,fbad5c96,19c9e23a,062b5529,a73ee510,7ffdf000,38317f6d,6aaba33c,a8374791,b28479f6,2d0bb053,b041b04a,3486227d,2804effd,,,723b4dfd,ad3062eb,32c7478e,b34f3128,,
10008154,0,,276,,,10743,,0,2,95,,0,,,68fd1e64,270cc1b8,ad149ada,f922efad,25c83c98,7e0ccccf,f4743777,0b153874,a73ee510,c425c0d2,6e8f1bd5,afed85b6,9f60c586,b28479f6,2eef01bc,e2e2fcd9,1e88c74f,86b4c7aa,,,055d5768,ad3062eb,32c7478e,b34f3128,,
10008307,0,0,13,6,7,1527,11,53,10,54,0,7,0,7,6ca3af46,207b2d81,c5e74209,89d08ec3,25c83c98,,8363bee7,0b153874,a73ee510,015ac893,bf09be0e,defb9cb7,3516f6e6,07d13a8f,90ff0d8d,3b76c7ea,e5ba7672,25c88e42,21ddcdc9,a458ea53,fb9eb0bf,,32c7478e,7a8e7ed6,001f3601,9042adf0
10008353,0,0,0,1,,1956,10,1,1,10,0,1,,,68fd1e64,38a947a1,01bd58aa,96606633,4cf72387,7e0ccccf,a4f7afc8,c8ddd494,a73ee510,b7eed820,cd496470,1a4ffe88,44b2ca79,07d13a8f,1aad2de0,3671f003,07c540c4,7abb2837,,,5fb6d34a,,3a171ecb,375c3609,,
10008387,0,3,1,4,7,588,24,44,14,91,2,4,0,16,05db9164,8947f767,f56da754,753b1de0,25c83c98,fbad5c96,9e8dab66,0b153874,a73ee510,5ba575e7,46febd4d,bab37f52,949ea585,07d13a8f,2c14c412,caae7c2d,e5ba7672,bd17c3da,c361c1be,b1252a9d,2ad6b2ef,,32c7478e,d9597d2a,010f6491,b7bcd694
10008586,0,3,1,,3,711,38,87,42,486,2,21,1,3,be589b51,5dac953d,d032c263,c18be181,25c83c98,7e0ccccf,7f9907fe,062b5529,a73ee510,62e76cf6,a7b606c4,dfbb09fb,eae197fd,07d13a8f,80fdf058,84898b2a,8efede7f,fc923ad0,,,0014c32a,,3a171ecb,3b183c5c,,
10008605,0,,-1,3,3,14342,3,42,3,11,,5,0,3,05db9164,942f9a8d,d38bb571,5eda5932,25c83c98,7e0ccccf,3f4ec687,0b153874,a73ee510,7f79890b,c4adf918,3c185821,85dbe138,1adce6ef,ae97ecc3,d7fe2ebe,27c07bd6,1f868fdd,3a1e0f5a,a458ea53,f84f2ff1,,32c7478e,c678ddf2,e8b83407,d8314c85
10009027,0,10,12,3,8,542,16,15,17,55,1,4,,9,6062d843,4f25e98b,0d3715b5,9d1dc0c4,25c83c98,7e0ccccf,8963c187,361384ce,a73ee510,b72eaafe,c1ee56d0,0190e6b5,ebd756bd,07d13a8f,5be89da3,38c531f8,3486227d,bc5a0ff7,4764bf77,a458ea53,8d8c10f2,,32c7478e,454b4db6,001f3601,48b0a13a
10009077,1,,112,6,6,30,7,25,6,81,,2,,6,05db9164,1612be27,6dd570f4,7967fcf5,25c83c98,3bf701e7,7195046d,0b153874,a73ee510,61283720,4d8549da,977d7916,51b97b8f,b28479f6,a7541387,91a6eec5,e5ba7672,ce500fd8,21ddcdc9,5840adea,a97b62ca,,3a171ecb,727a7cc7,cb079c2d,6935065e
10009232,0,,29,4,11,41842,,0,25,10,,0,,13,87552397,08d6d899,333440d5,fc86bde0,25c83c98,fbad5c96,9a16a5ac,1f89b562,a73ee510,3b08e48b,38df5213,1b0c8aa3,2d0ad352,b28479f6,bffbd637,4a838997,07c540c4,bbf70d82,,,16e2e3b3,,be7c41b4,d859b4dd,,
10009235,0,1,-1,,0,14,0,1,0,0,1,1,,0,8cf07265,95e2d337,f715d8cc,7c15fa92,25c83c98,,76931f79,37e4aa92,a73ee510,18230574,0f8baa15,b9bee1c2,2d9819ce,07d13a8f,aa0c8851,498519e1,d4bb7bd8,1a9f6745,72bdebf3,5840adea,71b9f31a,,32c7478e,cf9f8644,2bf691b1,00cd7c8a
10009295,1,,54,2,1,22472,,0,1,1,,0,,1,05db9164,403ea497,2cbec47f,3e2bfbda,25c83c98,fe6b92e5,e5b7557e,37e4aa92,7cc72ec2,9fc8256e,ef11661d,21a23bfe,a48ae04c,07d13a8f,e3209fc2,587267a3,e5ba7672,a78bd508,21ddcdc9,5840adea,c2a93b37,c9d4222a,32c7478e,1793a828,e8b83407,2fede552
10009339,0,0,23,170,12,79,535,15,33,358,0,5,,31,287e684f,38a947a1,8512d54d,7031bb66,43b19349,7e0ccccf,d4ba3a12,37e4aa92,a73ee510,752c830e,6823ba31,e2163351,7ff056a9,b28479f6,8c7816d3,beef16d6,e5ba7672,7c21218c,,,4645d72c,c9d4222a,32c7478e,b258af68,,
10009424,0,0,1,1,7,2949,311,4,26,144,0,1,,8,05db9164,5dac953d,d032c263,c18be181,4cf72387,7e0ccccf,0f4edcf3,a25968f2,a73ee510,b12b0205,c658b52c,dfbb09fb,51cc5d51,1adce6ef,b4a435f2,84898b2a,e5ba7672,63e4be9d,,,0014c32a,ad3062eb,bcdee96c,3b183c5c,,
10009484,0,0,1,,2,9096,231,1,2,60,0,1,,2,05db9164,39dfaa0d,,,25c83c98,7e0ccccf,cc168a10,0b153874,a73ee510,3b08e48b,52105669,,d2b8af4a,07d13a8f,60fa10e5,,07c540c4,df4fffb7,21ddcdc9,5840adea,,,be7c41b4,,010f6491,b29c74dc
10009602,0,,270,,7,11848,691,1,37,179,,1,,10,05db9164,d833535f,ad4b77ff,d16679b9,43b19349,7e0ccccf,a9b35bdb,5b392875,a73ee510,13e7f44e,3c9ac292,a2f4e8b5,0464ad73,b28479f6,a66dcf27,89052618,d4bb7bd8,7b49e3d2,,,d4703ebd,,c7dc6720,aee52b6f,,
10009693,0,0,0,54,49,1643,49,2,28,49,0,1,0,49,05db9164,73a46ff0,e08a9e48,5d8ebebc,4cf72387,,7e9ea410,0b153874,a73ee510,e034d733,e2274ca7,80126be8,d7ccce7c,cfef1c29,c888d015,27584c6e,d4bb7bd8,da507f45,21ddcdc9,b1252a9d,ed964455,,423fab69,568b265e,ea9a246c,0c64a83b
10009847,0,0,1,59,3,10147,365,1,25,45,0,1,,25,be589b51,39dfaa0d,59ed2f60,6a3f2218,25c83c98,fe6b92e5,8d96084a,5b392875,a73ee510,b8d25928,94b3084b,27d47540,bb567ffd,1adce6ef,80afa366,daa60e5c,d4bb7bd8,df4fffb7,21ddcdc9,5840adea,1cf598c7,c9d4222a,3a171ecb,8407b107,010f6491,984e0db0
10010091,0,,0,5735,,1441,,,46,,,,,,5a9ed9b0,c5c1d6ae,09c24c52,dea812a4,384874ce,fbad5c96,a6d9bf82,0b153874,a73ee510,02b3a27d,c6c91669,270a8d45,b8a76289,1adce6ef,151f2153,74e0839a,1e88c74f,836a67dd,21ddcdc9,5840adea,a6de4ce0,ad3062eb,dbb486d7,4c9292a4,7a402766,6527ade9
10010252,0,,17,24,7,450,963,6,19,515,,2,,12,05db9164,91381efc,b00d1501,d16679b9,db844843,fe6b92e5,48bd54c2,5b392875,a73ee510,3b08e48b,6cc7718d,e0d76380,60d87974,b28479f6,3d620870,1203a270,e5ba7672,38b82d9f,21ddcdc9,b1252a9d,73d06dde,,bcdee96c,aee52b6f,47907db5,f8d62db8
10010298,0,1,454,9,4,400,9,29,9,43,1,5,,9,05db9164,85af3139,d032c263,c18be181,4cf72387,7e0ccccf,90a2c015,0b153874,a73ee510,0b75c6ae,0f736a0c,dfbb09fb,3af886ff,b28479f6,af8db00e,84898b2a,e5ba7672,d4328054,,,0014c32a,ad3062eb,423fab69,3b183c5c,,
10010375,0,,181,66,6,169,494,11,24,341,,0,,19,68fd1e64,421b43cd,b0c9cf1b,29998ed1,43b19349,fbad5c96,9b98e9fc,0b153874,a73ee510,547c0ffe,7f8ffe57,6aaba33c,46f42a63,b28479f6,2d0bb053,b041b04a,e5ba7672,2804effd,,,723b4dfd,,32c7478e,b34f3128,,
10010673,0,4,52,51,33,14,26,5,36,39,1,2,,18,05db9164,38d50e09,b7a6ca8a,bfb04455,25c83c98,7e0ccccf,4aa938fc,062b5529,a73ee510,451bd4e4,7e40f08a,fbe947b1,1aa94af3,b28479f6,7501d6be,90cdb4ca,d4bb7bd8,f855e3f0,21ddcdc9,5840adea,da3a6223,,32c7478e,f3c3d87d,001f3601,aa5f0a15
10010750,0,0,9,4,4,1702,48,7,5,46,0,1,,4,05db9164,0b8e9caf,aec3baa9,9fe64608,25c83c98,7e0ccccf,649c7ded,1f89b562,a73ee510,60dca7a3,175d5d07,40d991f0,21e58fe4,b28479f6,5340cb84,a57495ac,e5ba7672,ca6a63cf,,,c3c2dca5,,3a171ecb,08b0ce98,,
10010890,0,2,703,6,3,249,12,2,12,12,1,1,2,6,05db9164,421b43cd,4d2ec017,29998ed1,43b19349,fbad5c96,424fbb9a,0b153874,a73ee510,72a2b9b7,2386466b,6aaba33c,45db6793,b28479f6,e1ac77f7,b041b04a,27c07bd6,2804effd,,,723b4dfd,,3a171ecb,b34f3128,,
10010901,1,3,0,4,4,992,4,32,8,467,1,10,,4,05db9164,bfdcfc4a,398e1819,91e6318a,25c83c98,fbad5c96,3b097cb3,0b153874,a73ee510,c8d4b1b9,42474081,8c5ebb31,3966c8cd,07d13a8f,3b23ee68,8dcfd2e9,e5ba7672,3f6bf69a,21ddcdc9,5840adea,62dbf1f8,,32c7478e,1793a828,b9266ff0,1a8cd4b6
10010904,0,0,603,28,5,2204,27,3,21,36,0,2,,18,05db9164,38d50e09,c86b2d8d,657dc3b9,25c83c98,fbad5c96,38eb9cf4,0b153874,a73ee510,f6f942d1,7f8ffe57,1ca7a526,46f42a63,b28479f6,06373944,ba46c3a1,e5ba7672,fffe2a63,21ddcdc9,b1252a9d,eb0fc6f8,,32c7478e,df487a73,001f3601,c27f155b
10010907,0,,1,1,1,345,,0,1,1,,0,,1,6ca3af46,38a947a1,123e5684,31bf7fdb,25c83c98,13718bbd,53b5f978,0b153874,a73ee510,3b08e48b,91e8fc27,2e1d8e32,9ff13f22,b28479f6,0d604f7e,908aa69d,776ce399,c08a0c90,,,97dc3c18,,be7c41b4,efb741a0,,
10010966,0,4,-1,,,151,0,4,0,0,1,1,,,68fd1e64,287130e0,4587c0bf,2e54b949,25c83c98,,3250c6b4,0b153874,a73ee510,c16dd063,e180938c,8f0b205c,8f176d1a,1adce6ef,310d155b,a87ca0eb,e5ba7672,891589e7,a0dfc6e7,b1252a9d,f15f42be,,32c7478e,99102626,ea9a246c,4d3939d1
10011040,0,,1,4,2,8684,11,1,3,7,,1,,2,05db9164,e5fb1af3,c8b80f97,311f127a,25c83c98,fe6b92e5,372a0c4c,0b153874,a73ee510,6f0b6a04,2e15139e,9ffdd484,94881fc3,07d13a8f,b5de5956,5891d119,d4bb7bd8,13145934,cc4c70c1,a458ea53,cd11300e,ad3062eb,3a171ecb,cf300ce9,001f3601,814b9a6b
10011061,1,2,473,6,2,741,2,3,5,7,1,2,,2,75ac2fe6,8947f767,2d9293af,37be7b61,25c83c98,,ed0714a0,0b153874,a73ee510,593c3061,b85b416c,f8ea9bcb,c3f71b59,f7c1b33f,7f758956,a3dc14ec,07c540c4,bd17c3da,67b50e6d,a458ea53,ea3fdd74,,32c7478e,3fdb382b,010f6491,49d68486
10011148,0,,0,1,,5889,,0,28,28,,0,,,68fd1e64,52edee5f,f483d069,a089e42f,25c83c98,,dced2023,5b392875,a73ee510,3b08e48b,ac60dfda,8287dc29,d100e0ca,b28479f6,e509a942,ddfabc04,776ce399,30adf650,21ddcdc9,5840adea,87e212d4,,32c7478e,c2fe6ca4,2bf691b1,602f0609
10011312,1,,2,,0,37,,0,0,0,,0,0,0,05db9164,31520db9,9069ec83,b0c884f0,25c83c98,,a13be9ad,5b392875,a73ee510,814278fa,62aedd5c,7a9b3053,e65a5fc3,07d13a8f,c80d508c,afd2b3a4,d4bb7bd8,30d1165e,21ddcdc9,5840adea,1ed32d9d,,3a171ecb,97347d1d,010f6491,e10bbd8d
10011352,0,0,0,41,7,2041,84,6,20,79,0,2,,7,05db9164,38a947a1,f33f3202,8dcfa982,25c83c98,7e0ccccf,63f702b3,5b392875,a73ee510,0611d5bb,034539cd,25b02fad,b3f7fb1d,b28479f6,67596d53,8bc8a1e1,e5ba7672,3fb55a52,,,6234a766,,bcdee96c,10edf4e4,,
